{"element_matrix": [
                    [1,1,2], 
                    [2,2,3]],

"section_assignment": ["girder1", "girder1"], 

"node_matrix": [
                    [1.0, 691.4639203552234, -79.640721089195, -0.0005926881488861576], 
                    [2.0, 800.5633643331465, -144.28783048021634, -0.0002017577041806934]], 

"sections": 
{
    "girder1":
         {"E": 210000000000.0, 
         "Iz": 0.09285714285714286, 
         "Iy": 0.09285714285714286, 
         "A": 0.0052928571428571426, 
         "poisson": 0.5, 
         "J": 0.10714285714285714, 
         "m": 45.6272019496974}}

}